Frank Huang,18,067,Jamie Via Overpass,Desireeburgh,Antigua and Barbuda,68746
Tasha Amore,17,5135,Robert Dam Rapids,Patrickport,Sweden,88969
Roger Haynes,18,7245,Stephen Wall Garden,Austinton,Mozambique,01032
Linda Flax,24,23485,Leonard Plaza Mission,Harrisonshire,Greece,66288
Judith Castillo,19,36300,Turner Rest Shoals,New Sandraland,Canada,50887
Carol Day,20,592,Tamara Trail Court,Jacksonborough,Yemen,46203
Andrew Gilfillan,18,6734,Christina Fall Way,West Stephenburgh,Panama,85530
Annette Davis,15,27556,Adam Station Cape,Pennybury,Belgium,34811
Michael Mankowski,19,6926,Nunez Garden Street,Abigailfort,Bahrain,22299
Verna Warren,23,7626,Ryan Overpass Squares,New Scott,Israel,05130
Louise Anderson,24,78105,Edwin Rest Motorway,Taylorchester,Singapore,66182
Christa Morris,18,5476,Banks Pike Drives,West Christine,Poland,26135
Melissa Jones,19,997,Lindsey Hill Mews,Lake Keith,Benin,06561
Jack Carrozza,17,814,Elizabeth Divide Lake,Gillespieborough,Guernsey,24427
Lucille Parsons,24,93631,Clay Mountain Wall,Westside,Cote d'Ivoire,35351
Michael Adkinson,16,510,Rodney Lodge Well,Savageborough,Bangladesh,56012
Donna Blubaugh,20,05457,Malone Road Summit,Stevenport,Macedonia,65957
Skye Mays,19,467,Bailey Harbor Orchard,Castanedashire,Lesotho,11504
Carlos James,16,856,Tami Mall Stravenue,New Melanieport,Andorra,78065
Lois Bailey,17,5169,Campbell Ferry Garden,West Cody,Somalia,07489
Dennis Thornton,21,91639,Melendez Unions Ways,South Jamesshire,Comoros,69027
James More,20,509,Benjamin Lakes Wall,Nguyenburgh,Sierra Leone,21175
Melissa Arnold,21,95208,Davis Mill Ports,Brianmouth,Romania,62210
Matthew Tomasi,18,779,Michael Manors View,Stephaniehaven,Kuwait,51388
Sylvia Christy,16,16202,Ashley Underpass Lake,Horneton,Chad,41260
Patrick Holder,21,09219,Huff Hollow Vista,South Carlychester,Belarus,45765
Larry Mott,23,72267,Johns Extensions Village,New Jasmin,Cape Verde,67787
Dawn Bailey,22,616,Jimmy Manors Stravenue,Jenniferside,Pakistan,13486
Donny Dorsey,15,8979,Amanda Bridge Shores,Lake Paul,Denmark,13201
Scott Anderson,20,719,Aguilar Heights Knoll,East Cindyside,Malta,03922
William Hatton,22,60065,Jessica Knolls Islands,Hatfieldburgh,Andorra,27445
Andrew Sheppard,23,43336,Russo Trace Burgs,North David,Taiwan,07710
Heather Payne,22,216,Alexis Mews Streets,New Robert,Australia,72812
Diane Sutherland,23,06977,Lopez Locks Road,Burnsstad,Papua New Guinea,09748
Leroy Rodriquez,15,44217,Eric Common Pine,Donaldville,Martinique,16280
Shawn Burrows,22,9509,Reid Terrace Path,Hutchinsonberg,Rwanda,08279
Reginald Savic,21,090,Amanda Forest Drive,Michellechester,Canada,04029
Herbert Dignan,15,8174,Rosales Extensions Road,North Richard,Cape Verde,59669
Marquis Oliver,22,258,Moore Overpass Ramp,Jacksonview,Croatia,65333
Ronald Oneal,18,598,Hernandez Row Island,Davidmouth,Austria,88808
Sharon Lawler,21,8806,Robin Stravenue Camp,North Victoria,Venezuela,48485
Tanner Lauer,19,3791,Carlos Lakes Valley,Pattersonburgh,San Marino,17100
Frieda Belisle,23,688,Erin Summit Garden,Port Patrick,Tokelau,68083
Bonnie Parke,18,763,Amanda Summit Drives,North Diane,Korea,12131
Joann King,15,07225,Welch Gateway Isle,Briannaberg,Bahamas,64016
Jeffrey Petersen,21,5505,Mason Trail Square,South Jennifermouth,Chile,15640
John Stephenson,16,6117,Natalie Cliffs Viaduct,Schmidttown,Maldives,95454
Edward Rios,21,497,Robert Crescent Terrace,Rosalesbury,India,03540
Ernest Carr,19,7976,Hoffman Drives Mission,East Thomas,Montenegro,61810
Cindy Ray,22,4879,Vincent Land Roads,Turnerbury,Czech Republic,49488
Doris Sims,22,280,Brian Manor Trace,Fredborough,Antarctica (the territory South of 60 deg S),22527
Darlene Thompson,23,5083,Andre Springs Overpass,Wisetown,Italy,83237
Rosemarie Dyer,17,540,Jonathan Divide Shoal,North Zachary,Venezuela,62547
Olga Anderson,19,5586,Harper Hill Meadow,North Timothystad,Libyan Arab Jamahiriya,95728
Wayne Laney,16,7512,Andrea Islands Heights,North Valerie,Mozambique,56815
Audrey Carr,17,022,Ward Crest Loaf,Port Susan,United Kingdom,75800
David Clark,15,70847,Tiffany Summit Shoals,East Michelleburgh,Chile,59388
Nicholas White,21,8363,Gutierrez Fort Stream,Timothyberg,Saudi Arabia,26502
Nicholas Obhof,24,082,Christian Lock Route,New Waynebury,Somalia,91025
Matthew Benson,24,955,Mercado Prairie Road,Port Laurie,Ecuador,49715
Roger Leist,20,7816,John Coves Stream,West Johnmouth,Saudi Arabia,38033
Jimmy Edmondson,15,525,Jacqueline Bridge Throughway,Lucasfurt,New Zealand,81616
Shana Morrow,24,29263,Murray Extension Common,Deborahview,Seychelles,20730
Alvin Wright,20,078,Donna Center Bypass,Prestonhaven,Isle of Man,72563
James Sweeden,23,499,Carter Dale Mountain,Michaelview,Romania,38869
Maria Ashley,20,581,Sims Island Mountain,Sullivanview,Brazil,20212
William Ficklin,22,920,Malone Track Lake,Maciasburgh,Germany,25233
Dianne Koczera,17,200,Ariel Plaza Drive,New Kennethmouth,Senegal,48338
Ebony Minks,20,4135,Deborah Streets Port,South Kimberly,Pitcairn Islands,31656
Janice Rodriguez,17,948,Williams Parkway Meadows,Tannerton,Holy See (Vatican City State),44346
Terrell Barnes,18,7487,Nathaniel Prairie Prairie,Villabury,Iceland,57691
Mammie Scates,20,4151,Daniel Glens Mews,East Amy,Serbia,23491
Judie Jansen,17,88425,Rebecca Ramp Stravenue,East Leonardmouth,United States of America,62752
Lyndsay Mcdonald,24,70979,Andre Point Hill,New Brittany,Canada,65735
Robert Negron,17,494,Peter Expressway Divide,Delgadotown,Lesotho,57250
Giselle Davis,24,9900,Teresa Trail Harbor,Leehaven,Nepal,93734
Jennifer Alverez,22,6358,Michael Vista Prairie,Port Ashleytown,South Georgia and the South Sandwich Islands,19729
David Bourdeau,22,23431,Gutierrez Circle Ville,Woodtown,Nigeria,28445
Earline Ward,17,99350,Moore Path Turnpike,Cruzberg,Latvia,10657
Helen Reich,21,2774,Thomas Cape Lake,North Michaelchester,Argentina,15081
Gary Lute,18,822,Laura Skyway Manor,North Saraport,Trinidad and Tobago,06512
Jeffrey Crider,19,5589,Hughes Loaf Bridge,South Jeremyland,Honduras,71372
Edward Monton,24,548,Brandon Prairie Shore,Collinsburgh,Cayman Islands,45675
Dolores Cornett,15,1535,Dana Streets Avenue,Danielstad,Austria,17871
Bernardo Mathis,18,043,Nichols Rest Hills,Hebertside,Norfolk Island,51735
Carl Standifer,16,750,Kelly Field Knoll,Stephaniehaven,Uganda,37725
Gail Johnston,16,1723,Nichols Spring Springs,Johnchester,Angola,09007
Bobby Lundy,15,63201,Watson Spring Ferry,Lake Chrischester,Dominica,92640
Gary Jones,21,86741,Amy Vista Unions,New Laura,Niue,10732
Lucinda James,15,4159,Kerry Fort Garden,Monroefort,Palestinian Territory,42978
Joyce Dale,17,3606,Ryan Glens Divide,Paulashire,Saint Helena,37969
Richard Bishop,18,988,Wilkerson Overpass Lodge,West Brandonfurt,Mauritania,89664
Delbert Mathis,23,28343,Bruce Turnpike Centers,Rosshaven,Reunion,04661
Cornelia Tessier,17,126,Williams Forges Manors,Juanside,Jersey,03099
Michael Whitely,17,323,Antonio Divide Rest,Karenview,Mali,78884
Vincent Thomas,21,0829,Ralph Oval Manors,Leonardstad,Israel,42965
Victor Tomkins,23,358,Williams Throughway Square,Marshallton,Kiribati,99383
John Roy,22,07921,Jacqueline Station Shoal,New Jillburgh,Martinique,28473
Julie Jones,22,592,Zachary Mountain Garden,Lake Emily,Norway,09920
Cierra Dardar,16,371,Gerald Trail Spring,East Cheryl,Belarus,61267
Christopher Gray,22,11101,Davenport Club Ranch,Lake Kathryn,Sierra Leone,14522
William Harris,23,19528,Stewart Parkway Plains,South James,Kiribati,61745
Karen Walker,16,847,Maxwell Green Pine,Danielchester,Isle of Man,39953
Myrtle Johannes,15,1425,Michelle Circles Lane,Jacksonton,Guam,33823
Laurie Cao,21,6814,Nicholson Locks Gateway,Lake Kellybury,Thailand,40255
Francis Peak,24,03230,Jose Mountains Creek,Shelleyland,Mozambique,86586
Clarence Post,18,651,Ortiz Walk Track,Garzaton,Saint Lucia,47308
Donald Schreiner,21,0891,Weaver Passage Causeway,Wilsonshire,Cayman Islands,51217
Alberto Parsons,16,41245,Callahan Place Underpass,Lake Cody,Japan,44425
Christine Reisman,17,61961,Steven Islands Isle,New Billy,Malta,91014
James Trout,22,4642,Philip Turnpike Circle,Lorishire,Kuwait,71765
Steven Tyner,17,570,Hernandez View Vista,Gregoryborough,Macedonia,81681
Patrick Allison,22,13175,Sherman Junctions Crossing,Janetburgh,Saint Barthelemy,13018
Lynsey Blanton,20,808,Davis Rapids Rapid,Ashleyberg,Sierra Leone,60620
Helen Bruns,20,44761,Willie Overpass Mills,Richardburgh,Holy See (Vatican City State),82252
Nancy Aguirre,20,03609,Brendan Ford Ramp,Travistown,Kuwait,55718
Jason Howells,16,14603,Graham Pike Radial,Lake Williammouth,Suriname,54528
Michael Abela,20,687,April Corners Coves,East Maryshire,Tajikistan,00603
Jessica Franks,24,65947,Andrews Circles Throughway,West Timothy,Oman,59537
Robert Buziak,22,6697,Lindsey Springs Harbors,East Dean,Saint Lucia,91752
Janet Solberg,21,3002,Susan Locks Coves,Jacksonton,Vanuatu,79840
Manuel Gillam,17,701,Amy Skyway Expressway,Lake Patrick,Belarus,96781
Jessica Trent,22,613,Brooks Rapid Rapids,Victoriahaven,Tunisia,57264
Robyn Coleman,16,957,Morgan Keys Plains,East Donaldport,Vanuatu,17906
Ian Chadwick,17,45162,Mays Parkways Path,South Tracybury,Sao Tome and Principe,21038
Earl Macdonald,18,023,Leonard Locks Streets,Harrellview,Cape Verde,59745
Andrew Paredes,20,7690,Santiago Lane Cliff,North Richardchester,Mayotte,11379
Loretta Black,19,60682,Thomas Square Island,Georgeville,Liberia,03794
Helen Archer,20,657,Gibson Canyon Gateway,South Kelseyborough,Latvia,58918
Mary Shively,23,44747,Martin Groves Centers,Morrisport,Israel,15003
Timothy Castillo,17,1353,Ann Motorway Coves,Jamesport,Brunei Darussalam,74139
Neal Salinas,16,1354,Harris Cape Manors,South Jennifer,Palau,02815
Raymond Mijangos,16,025,Vaughan Parkways Shoals,North Williamchester,Indonesia,03698
Ethel Pruchnik,23,01158,Harrison Port Viaduct,West Robertville,Solomon Islands,79780
Joanne Hosick,16,822,Cynthia Port Trail,New Peter,Syrian Arab Republic,14613
Mark Mertens,22,5419,Sims Fort Lakes,Judyshire,Swaziland,80826
Matthew Williams,22,31998,Riddle Parkways Square,Smithfort,Reunion,31997
Stella Dean,17,936,Perez Rest Passage,Lake Alexandra,Kuwait,08193
Donna Pate,24,879,Silva Glen Grove,Port Krystalport,San Marino,50364
Kathy Pangallo,23,7776,Summer Groves Trail,Lake John,British Virgin Islands,53782
Lorraine Williams,23,875,Ramos Inlet Creek,Ibarraland,French Guiana,81657
Melanie Domingue,19,73522,Joseph Bridge Field,Floresmouth,Norway,36713
Joseph Pratt,17,1054,Neal Highway Islands,Robertfurt,Guinea-Bissau,61427
Justin Spoon,15,99244,Preston Bridge Track,Kevinside,Nauru,58999
William Wilkowitz,19,165,Weiss Harbor Lake,North Monicamouth,Martinique,66001
Darrell Jones,22,22272,Kim Wells Turnpike,Stephanieville,Belize,73610
Linda Holmes,15,73496,Davis Falls Roads,Port Nancy,Korea,35188
Dale Mcneil,20,2954,Barbara Plaza Meadow,Kyleshire,Belgium,47267
Larry Lerner,19,327,Scott Prairie Street,New Alyssaberg,Sweden,94355
William Davis,18,540,Carney Extensions Roads,Ramirezberg,French Polynesia,08499
Arthur Aadland,22,09524,Williams Manor Square,Kristenchester,Seychelles,75120
Doris Hooker,20,842,Jill Islands Forks,Kaitlynfort,Bhutan,99708
Marilyn Hall,20,925,Henry Harbor Brook,Campbellfurt,Zimbabwe,76090
Miriam Kinney,16,591,Morgan Station Center,Lake Christine,Greece,97406
Brandon Oakes,20,565,Mack Creek Club,Port Bonnieborough,Palau,72577
Laura Lavette,24,888,Grant Vista Ferry,Rogerport,Israel,33981
Jenny Davis,17,72515,Sanders Walks Greens,Rachelside,Cuba,02375
Ricardo Conner,16,9231,Mckay Mission Trafficway,Smithview,Qatar,57107
Amy Teruel,24,589,Mclean Plaza Square,Jasonchester,Slovakia (Slovak Republic),73208
Patrick Stogsdill,23,13022,Castro Course Prairie,Stevenmouth,China,72529
Dawn Degasparre,24,20330,Boyd Stravenue Parkway,Lake Chadview,Netherlands Antilles,32470
Thomas Dion,17,52376,Cynthia Walk Causeway,Kathleenhaven,Uruguay,90749
Theresa Joslin,18,801,Myers Forges Haven,Meyermouth,Bermuda,18668
Mattie Everett,18,0000,Alexander Plaza Oval,New Christian,Turkey,53566
Joel Gagner,20,24691,Rodriguez Shoal Squares,Sandersburgh,Saudi Arabia,66103
Lottie Baker,18,627,Eileen Glen Mountain,Jamesstad,Mauritius,95994
Ricky Pierre,17,58123,Howell Mall Forge,Banksland,Italy,30183
Robert Gates,23,1336,Hall Center Parkway,Kochburgh,Bosnia and Herzegovina,95526
Jeremy Highley,24,3284,Shelby Falls Pine,Christinastad,Macao,15337
Catherine Childers,24,09322,Perez Lock Way,Ruizmouth,Burundi,65031
Lester Nielsen,21,5009,David Point Road,South Tracy,Malaysia,55847
Norma Hall,24,15371,Bruce Groves Stravenue,North Marilynmouth,Korea,25347
Thomas Allen,16,30127,Hill Cliff Freeway,East Alanfurt,Luxembourg,50219
Amy Kizer,20,4981,Jared Lock Spring,Ashleystad,Malta,90947
Elaine Baumbach,20,6732,Catherine Crossroad View,Port Tammymouth,Maldives,79311
Jeff Gaff,22,1067,Jennings Place Squares,New Debra,Australia,69913
Simon Gessford,24,49597,Ryan Valleys Loaf,New Alexanderstad,Indonesia,22169
William Mitchell,18,29342,Garcia Roads Knolls,New Victorstad,New Zealand,26723
Phyllis Howard,20,77792,Ramirez Rest Plains,Haleview,Iceland,21923
Susie Escalante,15,451,John Shore Fords,East Gabriel,Belgium,58377
Mabel Elie,15,6479,Cole Dam Street,Dominictown,Kenya,67849
James Ashalintubbi,23,4649,Joseph Pass Wells,Lake Stephanietown,Chad,37113
Juanita Vargas,24,062,Curtis Turnpike Flat,Port Stephanie,Guam,31583
Stephanie Carter,20,693,Curtis Gardens Causeway,Ellisstad,Guam,35907
Elizabeth Berry,19,29759,Sharon Drive Grove,Sandyville,Nicaragua,66711
Irma Oakley,19,8747,Diaz Well Fork,Jonestown,United States of America,31492
Catherine Sloan,17,414,Heath Cove Field,East Stephaniechester,Bangladesh,41775
Dorothy Inverso,24,59833,Ross Junctions Garden,West Amber,Albania,36429
Guy Maddox,20,50871,Amanda Knolls Lodge,Port Kevin,Mayotte,21753
Tabatha Reed,18,56471,Timothy Neck Lake,South Wesley,Uzbekistan,95417
John Berglund,17,602,Jerry Row Spurs,Andrewside,Uruguay,76429
John Nguyen,22,6001,Robin Manors Estates,North Misty,Australia,17380
Janet Eanni,16,65058,Morgan Creek Wells,Lake Julian,Sao Tome and Principe,52413
Chris Habib,16,9722,Joshua Orchard Wall,East Katelyn,Iran,32440
Mario Rice,23,18241,Jacqueline Run Estate,Danielsmouth,Latvia,86568
Roy Snyder,19,76304,Joseph Row Pass,Kellybury,Ukraine,55610
Allan Ayers,20,13929,Martin Canyon Alley,Lake Ralphview,Benin,35002
Lynn Moore,20,88532,Robin Ports Plains,Hodgesfort,Vietnam,87607
Connie Rink,23,65024,Nathan Street Drive,North Allison,India,52843
Catharine Klein,24,506,Jennifer Port Mountain,West Robertshire,Senegal,22432
Tiana Buttram,18,8043,Jerome Pass Rapids,New Darrellborough,Macao,27591
Louise Rosenbaum,16,9553,Hunt Tunnel Road,South Brianview,Slovenia,48341
Dorothy Hall,19,936,Brown Drive Drive,Amandaburgh,Macao,46735
Angela Ferreira,17,63034,Michelle Oval Crescent,Johnsonfort,Israel,22992
Douglas Johnston,17,03223,Macias Throughway Spring,Mccoyview,Singapore,47647
Valerie Gonder,24,75168,Perez River Square,Lake Glenn,Guatemala,41089
David Smith,22,69226,Charles Canyon Shoal,Lawrencefort,Uzbekistan,48061
Stephen Carnes,22,5550,Nguyen Manor Villages,South Shelia,Saint Helena,78907
James Corona,23,034,Rebecca Coves Cliffs,Morrisshire,Guadeloupe,83825
Ervin Epperson,17,602,Shelby Meadows Divide,West Chadburgh,Paraguay,25749
Vivian Ehlert,19,31079,Cheryl Place Mountains,Stevensfort,Finland,65186
Linda Otano,17,28819,Kelly Branch Valleys,Garciabury,Paraguay,93283
Terri Soderlund,22,803,Tracy Drive Bypass,Mayport,Ukraine,69139
Gudrun Mosley,24,4464,Jacob Trafficway Ridge,Greenport,Belize,13792
James Tavis,24,8003,Williams Island Skyway,Port Taraside,San Marino,15126
Mohammad Finlay,21,049,Amanda Shore Knolls,Port Sarah,Uzbekistan,39547
Wayne Ogle,22,2832,Mark Drive Pass,West Mariefort,Switzerland,24581
Angela Hightower,20,681,Willie Circles Ridges,Stevenborough,Faroe Islands,57755
Perry Umberger,15,61144,Parker River Trace,Forbeschester,Liechtenstein,35735
James Bryant,18,2726,Caitlyn Oval Road,Robertborough,Jersey,48516
Patrick Harkness,22,797,Todd Points Fort,Jeffreyborough,Uzbekistan,56948
Vickie Casper,17,449,Jackson Squares Parks,South Michael,Syrian Arab Republic,79588
Marvin Mcgee,19,13726,Peggy Skyway Garden,New Heather,Suriname,22603
Kent Saltzman,22,32029,Camacho Plain Crossing,Heatherside,Croatia,38884
Maria Green,16,7898,Roberts Inlet Skyway,East Jonathanfurt,Western Sahara,08001
Natalie Sanders,22,981,Thomas Summit Locks,Anthonymouth,Trinidad and Tobago,24228
Genevieve Wilson,19,55028,Green Highway Crossroad,New Marc,Niue,10801
Ronald Harris,23,39706,Carter Fields Motorway,Kimshire,Reunion,55973
Patricia Gaub,23,93323,Lopez Manor Tunnel,South Cheryl,Grenada,87474
Michael Carron,21,155,Adam Wells Curve,Joneston,Slovakia (Slovak Republic),12930
Robert Canclini,15,082,Steve Turnpike Lake,Hughesmouth,Martinique,83569
Dorothea Schultz,23,03018,Mark Loop Extension,Cruzville,British Indian Ocean Territory (Chagos Archipelago),39148
Janice Cea,15,2826,Timothy Via Track,South Kevinview,Cuba,43669
Gregory Wolff,21,27564,Ray Underpass Heights,Michellefurt,Iran,84100
Stacie Bolen,15,47631,Christopher Throughway Row,New Michelle,Bermuda,80728
Kenneth Cuen,22,871,Gabriel Plains Vista,Nelsonburgh,Micronesia,19548
Ann Reed,22,9167,Judy Circles Loaf,South Karenland,Brazil,99590
Marcus Ellis,15,0195,Anderson Shores Plains,Port Patricia,Chad,17712
Elisha Dickman,23,06608,Alexander Fall Pine,Jaredhaven,Switzerland,83774
Dorothy Kerby,20,312,Angela Hills Island,East Jasonfurt,Greece,16342
Michael Tebow,15,839,Boyd Ranch Burg,Andersonborough,Georgia,22606
Cynthia Gleason,24,83230,Merritt Fords Haven,Dickersonhaven,Faroe Islands,25078
Esther Schweinsberg,21,501,Pamela Tunnel Mountains,Ninaberg,Gabon,98706
Vivian Avery,20,36296,Carter Squares Streets,Englishmouth,Zimbabwe,22535
Irving Staggs,19,143,Vargas Prairie Crossing,East Keithtown,Gambia,90147
Brian Mack,23,5106,Roth Tunnel Falls,North Douglaschester,Czech Republic,11750
Tammy Savini,22,876,Melissa Harbors Hill,South Andrewfort,Nepal,34956
Charles Gleason,19,54541,Taylor Ferry Course,New Debra,Timor-Leste,37598
Harry Bean,15,550,Wilson Green Stream,Lake Tammyport,Thailand,32227
Joseph Blakney,18,38379,Gonzalez Stream Island,Clarkland,Cayman Islands,20934
John Thompson,20,17894,Perez Shoal Wall,South Amyport,Mauritania,27115
Stanley Monday,24,0032,Ross Station Roads,Danielport,Sierra Leone,95519
Brain Harris,21,4094,Little Row Pike,Joseberg,Rwanda,95672
Chad Neff,21,776,Jenkins View Mount,West Michaelhaven,Portugal,35310
Rebecca Penya,23,1770,Kelly Glen Trail,Port Michaelhaven,Mali,40037
Dwayne Hughes,24,85689,Brenda Lakes Summit,Loganstad,Macedonia,63811
Jessie Bassford,21,788,Collins Pike Mountains,Christopherbury,Cote d'Ivoire,36414
Elvera Rhodes,16,04778,Amanda Gateway Junctions,Nathanland,Palau,24874
Cassandra Dixon,17,541,Jones Key Plains,New Robert,Czech Republic,70555
Wilma Lambert,19,7093,Hammond Mall Island,Lake Michaelland,Saint Kitts and Nevis,26081
Frank Mckee,21,366,Cynthia Hollow Bypass,Clarkmouth,Czech Republic,77344
Betty Floyd,17,09379,Velazquez Underpass Ramp,Garciaview,Cocos (Keeling) Islands,29564
Natalie Bisom,23,8639,Powell Orchard Brook,West Kellystad,Mayotte,97874
Karina Connor,16,7915,Veronica Mountains Square,South Kara,Bhutan,06656
Linda Gates,16,5859,Larry Causeway Landing,Oliviafort,Suriname,74861
Ryan Mcdonald,18,382,Sean Mountain Inlet,Brianland,Bhutan,59554
John Wroblewski,21,609,Penny Rapids Ranch,Lauraborough,Oman,32947
Tonya Lahr,16,02366,Lam Land Mountains,West Michellehaven,Cuba,21245
Jeffrey Miller,18,683,Christopher Meadows Cove,Angelahaven,Greenland,41487
Catherine Branch,23,2088,Lopez Drive Crossroad,Brandonfurt,Burundi,92674
Lela Sinstack,18,38631,Rose Pines Light,Irwinview,Denmark,36648
Tony Graziano,16,100,Lisa Forest Mission,Kimberlyton,Italy,74393
Eugene Mcilwraith,19,5507,Brittney Burgs Street,Ramirezshire,Maldives,85505
Sharyn Villegas,20,5786,Gray Islands Lake,Landrybury,Isle of Man,11778
Nathan Coulter,24,634,Brandon Square Underpass,North Patriciafurt,Anguilla,86995
Gary Felix,24,33018,West Lights Hill,South James,Vietnam,63513
Colleen Joseph,21,1201,Fleming Walks Stravenue,Oconnormouth,Guadeloupe,34639
Ranae Kincaid,18,92957,Sherri Stream Vista,Archertown,Nauru,57816
Carrie Brown,22,0956,Murphy Hollow Glens,Patricktown,Singapore,56669
Donna Nopper,22,413,Burgess Gardens Expressway,Orozcoland,Kazakhstan,13221
James Gale,16,0241,Dylan Route Hollow,Mcknightville,Montenegro,57552
Chad Jonas,16,512,Larson Neck Creek,Joshuaburgh,Tajikistan,37069
Albert Royal,24,3387,John Valleys View,Port Annetteport,China,35542
Francis Troxler,23,35880,Brown Lakes Loop,Wagnermouth,Canada,95932
Melissa Appleby,22,708,Payne Views Mount,Leebury,Tuvalu,41841
Leo Higdon,22,933,James Island Estates,Lake David,Guernsey,75049
John Poston,17,195,Wilkerson Forges Forest,Port Nicole,Bouvet Island (Bouvetoya),16923
Howard Harris,15,576,Patricia Place Vista,Laurenfort,Lithuania,80533
Tyler Clark,15,546,Theodore Parkway Shoals,Lake Jason,Jersey,36565
Jerry Koch,24,041,Stanley Rapids Creek,North Douglas,United Arab Emirates,43166
Oscar Rising,16,101,Todd Gardens Square,New Lisa,Gibraltar,52189
Michael Ashford,20,3800,Michelle Street Vista,Ronaldstad,Switzerland,93888
Juan Jennings,23,056,Linda Mount Haven,Kaylafurt,Uruguay,08791
Darius Butler,22,9230,Baker Ville Via,South Jason,Panama,63049
Gail Nissen,22,714,Case Lodge Freeway,Judithland,Ethiopia,81139
Edward Arnold,19,4476,Brandon Knoll Pines,Mooreport,France,77302
Wiley Larsen,19,948,Boyer Summit Radial,Michellemouth,Oman,80656
Jennifer Morgan,20,8730,Alyssa Causeway Fort,Phillipshaven,Seychelles,90783
Ross Thomas,19,56031,Wong Fords Courts,New Kelly,Congo,92116
Joseph Venema,20,834,Zavala Mall Club,Herreraport,Macedonia,27699
Melody Skinner,16,91459,Hubbard Plains Road,West Savannah,Lithuania,25489
Felicia Chesley,20,04922,Jacob Mills Mews,Cochranmouth,Eritrea,33177
Amy Smith,19,66323,Paige Fork Roads,Maryton,Mayotte,31188
Hugh Reyes,18,585,Joshua Landing Springs,East Michelle,Reunion,40061
David Hill,19,6047,Cynthia Ways Station,South Donna,Falkland Islands (Malvinas),19863
Dorothy Buchana,16,5197,Johnson Tunnel Fork,South Lisachester,Seychelles,90075
Minnie Walker,21,92502,King Ports Villages,Greenborough,China,00626
Alisa Booker,15,4854,Tyler Square Orchard,New Clinton,Norway,05814
Alice Pierson,16,117,Young Ramp Forest,North James,Slovakia (Slovak Republic),56281
Monica Dickey,24,69406,Nicole Street Station,South Aaron,Germany,71321
Lisa Bruner,21,11004,Powell Brooks Camp,New Dawnchester,Belarus,64341
Christopher King,19,42289,Stephanie Groves Drive,South Daniel,Guyana,11434
Ashlyn Yarrington,23,24727,Rebecca Centers Haven,West Williamtown,Saint Lucia,28730
Luis Leach,20,870,Rebecca Center Tunnel,Christopherton,Bhutan,23751
Jason Thomas,21,83344,Stephen Crossroad Valleys,Port Peterfort,Serbia,83301
Michael Helms,20,79056,Anita Stream Park,Patriciaside,Montserrat,83839
Roy Johnson,23,325,Michael Hollow Plaza,Elizabethborough,Bulgaria,36817
Alma Smolik,19,7014,Jessica Stream Drive,Brianstad,Falkland Islands (Malvinas),02844
Michael Reid,15,167,Allen Lodge Rue,New William,American Samoa,75665
Lorene Mckeller,22,5051,Zimmerman Wall Shoals,East Robert,Belgium,14318
Emily Bonds,17,91114,Christine Lodge Drive,Conradfurt,Oman,47012
Carol Benthall,23,53690,William Summit Loaf,Port Sara,Italy,07223
Robert Robinson,20,073,Kelly Mews Avenue,West Billyburgh,Angola,36973
Amelia Hubbard,20,598,Mckee Spring Villages,Nunezland,Svalbard & Jan Mayen Islands,53357
Herbert Mckeown,15,1772,Amber Summit Mills,Millerville,Northern Mariana Islands,93680
Maria Kang,19,305,Shannon Ferry Islands,Cantrellside,Rwanda,36012
Karen Benjamin,19,097,Chavez Square Glen,Sierrashire,Paraguay,38314
Phyllis Velasquez,16,74744,Dominguez Park Mews,Ellisonside,United States Virgin Islands,22528
Arthur Polk,20,5822,Michael Spurs Points,Lake Anthonyview,United States Virgin Islands,56921
Jaclyn Morris,24,5628,Patterson Union Hill,Shawnbury,Liechtenstein,04188
Leslie Windsor,15,74438,White Islands Plains,Port Ray,Malta,91625
Scottie Roan,24,3424,Reed Divide Turnpike,South Mary,Greece,73211
John Russell,24,8889,Peterson Locks Highway,Michaelmouth,Papua New Guinea,28416
Connie Leedom,15,8855,Evans Loaf Mountain,Phillipmouth,Saint Martin,93411
Jane Harris,19,415,Warner Creek Creek,Codymouth,Finland,70361
Mary Rutski,18,3367,Phillips Loop Forest,Christinaview,Heard Island and McDonald Islands,04070
Louise Brantley,15,780,Jessica Drive Springs,Courtneyton,Cambodia,50145
Derrick Griffith,21,317,Armstrong Forges Rapid,New Christinaville,Colombia,05769
Carla Spaulding,17,56607,Bradshaw Rest Harbor,South Jeffrey,Guadeloupe,21986
Ismael Hall,18,2960,Brent Passage Vista,West Jessica,Papua New Guinea,25020
Dwight Giddings,21,25434,Heather Mission Route,Bondport,Faroe Islands,03806
Joanne Weaver,22,604,David Village Landing,Lewisville,Iraq,81051
Valerie Anderson,23,429,Cross Ford Fort,Jonesport,China,08489
George Zenker,22,56601,Daniels Glens Flat,Williamsfurt,Liberia,99645
Rachel Bustamante,18,928,Jamie Station Fall,Lake Lindsey,Canada,21041
Lillie Mcgillivray,17,41915,Nichols Center Street,Larrystad,Montenegro,14839
Michael Haddix,20,743,Erin Station Greens,Thompsonside,British Virgin Islands,18168
John Friou,24,941,Stone Flat Isle,New Autumnmouth,Pakistan,65082
Sammie Gilmore,22,73431,Benjamin Forges Highway,Port Bridgetland,Haiti,68778
Steve Harrower,22,300,Clark Ports Fort,Ellisstad,Lebanon,63878
Robert Guidry,17,8756,Duke Falls Canyon,New Brenda,Pakistan,16649
Stanley Munoz,23,4374,Alexander Lights Groves,East Kristinaburgh,Samoa,18789
Lisa Barbieri,22,311,Steven Circle Rapids,North Traceyshire,Slovakia (Slovak Republic),41382
Mariana Orourke,20,819,Rivera Wells Ports,Kelseyfurt,Burundi,99555
Marisol Bonilla,21,7621,Brown Club Run,Lake Holly,Jordan,13462
Tracy Mcalister,20,48049,Spencer Drive Throughway,Davismouth,Saint Helena,40796
Juanita Tindol,23,0855,Martinez Parkway Point,Lake Autumn,Gambia,29552
Charles Laduke,19,7770,Clark Lodge Fork,Lewisshire,Lebanon,46714
Garrett Medas,19,788,Jessica Garden Track,Coxton,Svalbard & Jan Mayen Islands,28895
Elizabeth Mitchell,22,33369,Cheryl Lane Roads,Lake Tiffany,United States Minor Outlying Islands,23373
Grace Darden,21,7249,Copeland Mountain Lock,Moranchester,Czech Republic,16486
Stacia Loudermilk,23,074,Melissa Fall Landing,North Jessica,Seychelles,62325
Jesse Reed,21,885,Anita Radial Field,Angelaport,Aruba,12108
Lindsay Mischke,19,615,Farmer Lakes Meadows,New Anthonybury,San Marino,18969
Stephen Meadows,24,634,Nancy Fields Turnpike,Sandraside,Sri Lanka,94916
Matthew Davis,16,5079,Paul Summit Courts,East David,Uruguay,55975
James Lingafelter,23,5409,Castillo Passage Land,North Miaton,Fiji,90091
David Williams,21,8397,Kevin Vista Hills,Alisontown,Reunion,18380
Lewis Pennington,20,2704,Olivia Plaza Valley,North Diana,France,07270
Lorraine Young,15,49289,Oliver Cliffs Lights,West Andrewview,Serbia,67794
Mildred Miner,22,487,Jonathan Knoll Vista,Port Ashleyhaven,Malaysia,18303
Lindsey Robertson,16,274,Tucker Extensions Village,North Johnside,Saint Kitts and Nevis,86614
Lola Wyman,22,5227,Phillips Avenue Flats,Christopherton,Haiti,66673
Ruth Fuller,22,77581,Kristen Mall Island,East Matthewville,Monaco,32529
Vivian Arrington,17,85065,Chelsea Camp Path,New Kevinchester,Georgia,70918
Barbara Lucas,19,965,Johnson Creek Drives,South Benjaminstad,Faroe Islands,94266
Christa Benton,18,3414,Jennifer Stream Place,Castrofurt,Rwanda,22079
Jessica Thomas,23,22483,Joanne Park Shores,Port Thomashaven,Fiji,04054
Tamiko Nation,18,77794,Davis Drive Junction,New Markton,Venezuela,47475
Lisa Horrell,16,2826,Michael Villages Mews,Jenniferbury,Cuba,77115
Sylvester Ericsson,20,027,Gary Ranch Courts,Thompsonmouth,Mongolia,72784
Sherry Russell,15,085,Colleen Stravenue Centers,West Ryan,Japan,95687
Joanne Warrior,24,48216,Kramer Manor Road,East Dana,Slovakia (Slovak Republic),40671
Leland Raper,15,4521,Julie Light Mission,Maxburgh,Zambia,79831
David Vaughn,23,925,Jessica Pike Bypass,Michaelchester,Mozambique,26118
Robert Smith,21,51845,Michael Trail Circle,Davisside,Cocos (Keeling) Islands,79233
John Taylor,16,0854,Johnny Cliff Prairie,Derrickstad,Morocco,33561
Monica Cleveland,24,856,Richard Lights Land,North Amy,Denmark,22927
Christopher Wolf,24,8878,Todd Neck Mission,Zamoramouth,New Zealand,37669
Michael Brownell,17,64598,John Plain Estate,New Samantha,Brunei Darussalam,54539
Lawrence Zee,24,331,Erin Knoll Underpass,Lindachester,Suriname,90271
Leona Hall,20,08629,Christopher Ports Stravenue,South Alexandraside,Solomon Islands,58223
Maria Nowak,18,35151,West Row Parkways,New Lauren,Montenegro,60525
Jacque Downer,24,044,Michael Lodge Station,East Brookeport,Pakistan,51602
Thomas Komp,24,80334,Savage Glen Meadows,Shirleyberg,Martinique,29209
Shakita Forrest,22,3374,Little Villages River,East Ginatown,Congo,34559
Chris Grose,18,054,Mclaughlin Spurs Extension,East Wandaton,Egypt,08636
Jeffrey Farmer,21,507,Kyle Street Station,Lake Stuartburgh,Somalia,99217
Lee Lamb,15,99367,Lopez Brook Pike,Beasleyside,Marshall Islands,54230
Leslie Abner,24,5782,Tammie Harbors Courts,Lake Joshuaside,Zimbabwe,51479
Kathleen Yeater,23,264,Martin Crescent Crossing,Erinfurt,Iran,27656
Hattie Leon,22,82569,Caroline Pine Turnpike,Cooperfurt,Palau,64668
Ruby Hofmann,21,632,Austin Inlet Harbors,Kathrynhaven,Benin,77213
Son Riley,17,643,Brown Crossing Village,Simmonsshire,Albania,97754
Jeffrey Wyatt,23,5877,Benjamin Pass Pines,Lake Matthewberg,Dominican Republic,99124
Heather Rumley,20,933,Stacy Crossroad Pine,Rodriguezfurt,Papua New Guinea,82073
Barbara Young,16,473,Myers Ridges Ridge,New Christopherfurt,Jersey,23479
Dana Minor,20,39937,Martin Trail Parkways,North Matthew,Palau,65944
William Duncan,15,79916,Kelly Crossing Lights,North Daisymouth,Iraq,87852
Vernon Obrien,20,858,Martinez Brook Club,Kirkberg,South Georgia and the South Sandwich Islands,96760
Judith Smith,19,83078,Rangel Shores Stravenue,East Latoya,Cameroon,65371
Marian Hansen,19,6899,Neal Branch Trail,Hillside,Somalia,09362
Patricia Maldonado,15,523,Patterson Prairie Inlet,North Stephaniestad,Lebanon,38332
Donald Hodge,15,3014,Murphy Trafficway Forges,Guzmanport,Guam,68143
Marie Hannan,23,91621,Watkins Courts Oval,Robertborough,Heard Island and McDonald Islands,81435
Sylvia Buchanan,24,149,Ruiz Highway Curve,East Stephenside,Costa Rica,55658
Elsa Elliott,16,4035,King Valley Hollow,Daisyport,Canada,40107
Terrance Bucher,23,830,Terri Landing Alley,Zamorastad,Falkland Islands (Malvinas),82824
Michelle Morgan,17,4118,Tammy Fork Road,East Vincent,Tuvalu,98624
Betty Ahuna,22,52362,Amy Ville Glens,Hernandezbury,San Marino,80259
Austin Ortega,16,84567,Ramirez Lake Plaza,Edwardsstad,Saint Helena,10084
Samuel Jones,22,77995,Perez Underpass Road,Smithfort,Cape Verde,51497
Clinton Rascoe,24,589,Grant Manor Mission,East Reginamouth,Guernsey,11304
Annie Mikowski,17,01785,Anita Shoals Camp,Port Kenneth,India,23563
Julia Maglione,17,5108,Weaver Walks Green,Brettville,Brazil,58336
Candace Nilsson,16,4210,Carl Rapid Drive,Jameshaven,Hungary,09159
Keith Lowery,19,9579,Wesley Ville Points,Heidiland,Ukraine,55100
Marguerite Martin,18,39851,Barbara Extensions Lake,Baileyhaven,Lebanon,41675
Dennis Rivas,24,233,Tanya Spurs Place,Kevinville,United States of America,76813
Carl Louthan,20,507,Lucas Light Summit,Katherineport,Antarctica (the territory South of 60 deg S),17352
Pat Williams,22,676,Alvarado Fields Ports,Jessicashire,Tokelau,28519
Jesse Austin,17,294,Hicks Islands Place,East Jose,Nauru,17710
Barbara Jauregui,15,28727,Heather Stravenue Run,Bakerbury,France,50637
Donna Cathey,20,5541,Williams Street Brook,Grantton,Ecuador,77437
Robert Tallent,24,88000,Thompson Villages Tunnel,Holmesmouth,Iran,01048
Yvette Mcnair,23,8040,Cameron Grove Gardens,Garciaview,Iran,88352
Jutta Gauldin,23,973,Todd Trafficway Divide,Juliamouth,Namibia,67180
Alexander Newman,24,07569,Patrick Court Cliffs,Jacksonmouth,Uzbekistan,88228
Molly Leday,16,24888,Freeman Forks Stravenue,Port Deborah,Cameroon,27824
Edward Dvorak,24,0618,Leonard Manor Views,Ericton,Bahamas,83423
Connie Lawrence,21,206,Joseph Meadow Harbor,West Stacyside,Tunisia,26692
Rochelle Hutcheson,21,245,Diaz Canyon Ramp,Townsendtown,Qatar,34520
Kara Cheek,16,442,Jones Path Shoals,Samuelmouth,Saint Martin,85222
Julie Deangelis,18,0233,Patricia Underpass Bridge,West Sarahview,Mali,92579
Kenneth Culver,21,9879,Jimenez Point Key,Fisherstad,Timor-Leste,66090
Sara Ponder,16,2263,James Lakes Junctions,East Justinchester,Uganda,59584
Clyde Conlin,20,12045,Natalie Track Parkways,Adamsberg,Algeria,05625
Johnny Costantino,24,62248,Franco Mount Greens,Gregchester,Netherlands,74024
David Humphery,23,9024,Barnett Spur Parkway,Richardsstad,Tuvalu,12387
Rachel Wert,21,1689,Joshua Pine Court,Lutzview,Bolivia,77768
Margaret Louden,20,9277,Fields Gateway Plaza,West Brendamouth,Ireland,17657
Ronald Paul,19,004,Griffith Ports Cove,Lake David,Vietnam,72745
Carey Welborn,18,087,Hancock Circles Place,East Lisa,Kuwait,94907
Frank Haro,17,72312,Lisa View Pine,Deannafurt,Sri Lanka,63399
Robert Seeholzer,22,20606,Debbie Centers Gardens,Port Carlos,Chile,84325
Mary Lane,21,860,Kevin Crescent Roads,New Brianton,Israel,76765
Ethel Burrow,23,172,Kenneth Lodge Crossroad,East Nicholasside,Guinea,30132
Madonna Cortes,19,92558,Brooks Summit Branch,Davismouth,American Samoa,70179
Branden Loehr,15,16560,Robinson Bypass Motorway,Jenniferbury,Guinea-Bissau,01188
Mike Parrow,15,047,Cory Glen Greens,Cookbury,Jamaica,46930
William Shipley,16,0615,Miller Highway Freeway,Perrychester,Liberia,40105
Paula Tiger,22,484,Michele Knoll Rapids,Jerrytown,Anguilla,80191
Gerald Woodfin,17,9059,Ryan Highway Harbors,Hamiltonbury,Solomon Islands,81324
Charles Johnson,24,2823,Kirby Track Views,Lake Davidberg,Anguilla,87489
Josephine Ambriz,15,992,Cynthia Divide Roads,Jenkinsfort,Tanzania,65820
Vernon Lankford,16,2412,Joseph Greens Views,North Joseph,Macao,32748
Sharmaine Armijo,22,218,Marcus Ramp Cape,Hillland,Grenada,91199
Mary Allen,15,951,Gerald Ports Throughway,New Danielhaven,Morocco,50319
Jan Simons,23,7442,Shepherd Shoals Drive,Mcdonaldside,British Virgin Islands,88745
John Leonard,22,891,Tiffany Way Ways,Sandyland,Gibraltar,37708
Paul Vanwagner,23,50726,Victor Burg Turnpike,New Travismouth,El Salvador,99524
Maria Berry,15,826,Nicholas Lake Dam,Melodyville,Eritrea,62802
Chad Matsumoto,20,5097,Joseph Forest Camp,New Tiffany,Haiti,26414
Earlene Proctor,24,0842,Leslie Mountain Trace,Stephensport,Portugal,78691
Ralph Perham,21,2533,Thomas Ferry Throughway,Lake Robertmouth,Slovenia,56867
Ricky Medina,24,95540,Michael Expressway Springs,Port Jeffreyburgh,American Samoa,51989
Patrick Salak,22,2985,Joshua Walks Island,North Davidhaven,Afghanistan,98987
Mary Schiff,23,918,Robert Walk Knoll,North Melaniemouth,Chile,83831
Carmel Sanders,18,5603,John Pike Terrace,South Stephanie,Heard Island and McDonald Islands,95641
Norma Glasser,18,41712,Stacy Shoal Inlet,Jamesville,Falkland Islands (Malvinas),31516
Jean Brawner,20,87509,Rodriguez Stravenue Land,Wrightchester,Singapore,96935
Allen Baker,22,8277,Brandon Path Ways,Bennettfort,Botswana,20931
Jose Tillson,24,635,Davis Cliffs Loop,Hodgesshire,Togo,76936
Tara Clark,18,1094,Williams Fort Keys,Jonesville,Samoa,25151
Jennifer Daniels,21,334,Young Run Islands,Garrisonbury,Palau,25783
Cynthia Wilson,23,0975,Summers Crest Meadows,South Kimberlyland,South Africa,45567
Catalina Torres,22,57789,Butler Trail Run,Codyshire,Costa Rica,40308
Ramon Howard,23,4232,Robert Mountain Lake,West Scott,Luxembourg,61967
Violet Hernandez,17,6572,Lyons Wells Courts,Melissabury,Syrian Arab Republic,38262
Samantha Blair,16,96125,Lewis Squares Centers,Port Gregstad,Maldives,05451
Joel Sanzo,18,867,Frazier Flat Village,West Aimee,Panama,67291
Randall Perez,19,47988,Baker Mission Manors,Lake Tiffany,Peru,93276
Fidel Verne,22,20662,Thompson Lock Fords,Morganmouth,Bahamas,51067
Karen Walden,20,91898,Michael Underpass Fork,Martinshire,Iceland,73796
James Callaway,16,0310,Curtis Mission Rapid,Lake Hannah,New Caledonia,99933
Samuel Bellocchio,18,35573,Rebecca Locks Estates,Kennethbury,Sao Tome and Principe,62899
Dawn Lovell,15,520,Thompson Courts Dam,Johnville,Eritrea,41313
Everett Roorda,22,16228,Bethany Turnpike Turnpike,Mendozaton,Moldova,68629
Richard Edmunds,15,63216,Michael Wall Spurs,Duncanberg,New Caledonia,95363
Erik Koch,18,9088,Kelly Curve Crossing,Dennisbury,Palestinian Territory,50343
Dan Simmons,16,9714,James Curve Meadow,Jeremymouth,Saint Vincent and the Grenadines,92523
Walter Huddle,23,3468,Kathryn Trace Run,South Cherylfurt,United Kingdom,95455
Pamela Thomas,15,4134,Long Cliff Plaza,North Nicoleburgh,Estonia,58510
James Steger,22,9018,Billy Port Loop,South Aprilton,Congo,29816
Joyce Gallo,23,36393,Williams Landing Orchard,Baileyton,Aruba,55738
Robert Hernandez,23,491,Caroline Garden Court,Port Matthew,Macedonia,51624
Eleanor Reese,21,8223,Jimmy Mill Ville,Juliechester,Tanzania,87141
Jacqueline Kelm,18,0522,Ellen Wells Dam,West Eddieberg,Mexico,52290
Gabriel Hite,16,1395,Henderson Highway Valleys,West Jeremyhaven,Romania,49332
Julie Kelsey,16,43588,Mahoney Road Glen,Robertsonmouth,Antarctica (the territory South of 60 deg S),85239
Larry Mojica,19,4405,Kristin Creek Spurs,Buckleyfort,Saint Barthelemy,18906
Samuel Wolsted,23,71595,Hansen Crossroad Crescent,North Kellyland,Japan,09646
Donald Mankins,20,2173,Jacqueline Vista Mews,Staceymouth,Afghanistan,06596
Melisa Shannon,21,090,Benjamin Manors Ramp,Christopherton,Montserrat,76462
Louis Rook,21,6066,Schmidt Camp Drives,Halefort,Ukraine,29784
James Cardiel,18,6512,Lawrence Isle Forks,Bruceview,Slovakia (Slovak Republic),33957
Euna Cox,16,778,Fisher Shoals Meadow,South Leah,Ukraine,03754
Jennifer Maloney,20,0003,Ford View Villages,Nicholsonchester,Belarus,88173
Amos Clark,22,609,Ronald Mall Underpass,Cobbborough,Dominican Republic,69615
Anne Ramirez,19,8318,Gary Key Trace,Robertsmouth,Saint Martin,23582
Vickie Grant,17,25554,Andrew Glens Unions,Nicholestad,El Salvador,25672
Frances Koonce,16,428,Oconnor Route Causeway,Port Lisa,Russian Federation,58246
Harold Myers,17,66214,Daniel Corners Fields,Mendozaside,Malawi,76242
David Harris,20,643,Jeffrey Unions Cove,Kennethstad,Solomon Islands,61784
Naomi Harden,22,309,Martin Field Viaduct,Heatherchester,Svalbard & Jan Mayen Islands,35897
Erica Hatten,17,624,Dustin Trail Cape,Pattonborough,Montserrat,07607
Eric Smart,19,47622,Heather Track Springs,Margaretland,Guinea-Bissau,14394
Stephanie Rockwell,24,02134,David Road Walks,Ellischester,Togo,37631
Daniel Suttee,23,4196,Cindy Burg Corners,Brooketon,Tunisia,05375
Vincent Ogle,17,234,Boyd Inlet Track,Lake Brittany,Saint Martin,71364
Wilma Brown,17,2607,Troy Plaza Stravenue,Keithmouth,Ghana,39893
Robert Peiffer,18,5169,Nichols Rapid Stravenue,East Jennifer,Uzbekistan,36610
Angela Wall,18,950,Rachel Union Green,Michellefurt,Denmark,19648
Eileen Byrant,18,50726,Torres Highway Oval,Port Drew,Iraq,41500
Oscar Aguirre,20,4892,Ramsey Circle Plains,North Angela,Cameroon,37528
Kathleen Rawlins,24,5128,Hall Ranch Track,South Veronica,Comoros,46099
Marci Dennis,24,228,James Knolls Underpass,North Loriland,Colombia,43493
Elijah Collins,19,54259,Jensen Neck Spur,West Ronaldmouth,Pakistan,23097
Michael Faustini,23,295,Wilson Lodge Ports,South Jenniferville,South Africa,91997
April Meeks,22,46088,Pittman Landing Corners,Joshuastad,Brazil,14472
Mildred Surita,18,62030,Lisa Plains Extension,Powersborough,Christmas Island,79382
Elizabeth Yen,18,482,Cruz Pass Ferry,North Kevinside,Mali,39114
Toni Hellinger,24,9095,Dale Centers Alley,Robinchester,Papua New Guinea,54891
Kirsten Walker,16,61580,Mann Passage Club,Lake Joshuaview,Lao People's Democratic Republic,87723
Elliot Clarkson,21,10342,Villanueva Spurs Plains,Port Catherinebury,Libyan Arab Jamahiriya,53157
George Peterson,20,51184,Sean Village Run,Davistown,Egypt,14922
Joseph Skinner,20,711,Garrett Alley Squares,Travisberg,Serbia,35717
Leo Stubblefield,19,003,Hogan Extension Station,Bradleyhaven,Timor-Leste,82525
Daniel Gibbs,23,8372,Charles Views Stravenue,Port Robinchester,Lithuania,98132
Latoya Banner,23,570,Jerome Court Shoals,West Christopherfort,Philippines,99094
Theresa Speir,19,3857,Kathleen Brook Stravenue,Alishire,Belize,86757
John Freeze,19,3065,Marshall Isle Passage,Vasquezberg,Isle of Man,18781
Elizabeth Burrows,22,692,Chandler Lodge Harbor,South Mark,El Salvador,56681
Robin Mackay,18,787,Obrien Lodge Circles,Lake William,Sri Lanka,79192
Carmen Hanisch,24,80708,Charles Lights Land,Jamesborough,Lebanon,48922
Mary Reed,19,870,Collier Islands Station,West Linda,Andorra,95475
Mary Burford,24,9103,Davis Neck Hills,New Theresa,Denmark,45165
Lori Johnson,18,619,Duarte Road Spring,Taramouth,Russian Federation,54222
Lori Ryans,18,921,Hughes Village Circles,New Andrew,Moldova,94123
Kirk Miller,15,968,Gonzalez Alley Way,Kathytown,Gabon,72712
Doris Smith,23,44003,Mathis Roads Ridges,Cainburgh,El Salvador,67867
Julie Young,17,007,Sara Lakes Springs,Port Tabitha,Bahrain,19787
Lela Maione,21,7694,Krista Island Ville,Ayalastad,France,81472
Viola Nottingham,17,337,Patel Squares Neck,Natalieton,Kyrgyz Republic,02883
Daniel Leaver,18,54295,Lindsay Lake Squares,Ericville,Cyprus,45726
Alex Combs,15,5602,Morgan Crossroad Park,Charlesbury,Nigeria,62696
Juan Fleming,16,73974,Hernandez Bypass Fords,West Barbara,Germany,61396
Chad Stuckett,17,354,Ashley Dale Road,South Melissa,Lithuania,16914
Monica Hubbard,15,5838,Chen Centers Corners,Douglaschester,Vietnam,89941
Jane Smith,18,3080,Lisa Island Gateway,Brandonburgh,El Salvador,38995
Evangeline Quinones,22,66079,David Road Terrace,East Richard,Mongolia,58808
Edna Weyrick,18,71900,Charles Terrace Courts,Jenniferborough,Korea,56760
Richard Wood,24,48269,Lawrence Flats View,Jonesfurt,China,31942
Donna Brown,16,52230,Darren Manor Garden,South Susan,Taiwan,24825
Marissa Lawrence,19,8598,Haynes Common Inlet,Johnsonport,Norway,98172
Leroy Akins,20,915,Anderson Street Spring,North Trevormouth,Saint Pierre and Miquelon,05123
William Ward,23,6870,Hailey Loaf Squares,Port Edwardton,Bahrain,54488
Maggie Cooke,18,6416,Gardner Island Motorway,Lake Matthew,Saint Martin,41695
Andera Gaddy,17,088,Lisa Mountain Way,South Anthonyborough,Burundi,69293
Brenda Ruiz,17,57183,Martin Rest Station,Debbieshire,Malta,79174
Robert Allen,21,237,Carter Causeway Port,Kaylatown,Ethiopia,92435
Mary Click,24,826,James Cliffs Pass,Billybury,Tuvalu,37887
Joye Simon,21,122,Turner Springs Course,Billyshire,Belgium,98735
Gary Silver,19,554,Daniel Corners Ridges,Floydton,Grenada,75369
John Snow,24,901,Phelps Locks Stravenue,Lake Angel,Samoa,05294
Samuel Madden,23,25755,Mark Forest Wells,Danielmouth,Belize,08977
Kenneth Malone,20,29080,Kelly Port Roads,West Heatherberg,Thailand,59368
Kenneth Martinez,16,5285,James Street Union,Andradebury,Tuvalu,62373
Barbara Wiltse,20,009,White Union Locks,Normanchester,Sri Lanka,71533
Scott Leathers,15,2103,Sheila Point Route,Lake Michael,Greenland,99032
William Schwartz,17,6572,Knox Burg Crossing,Michaeltown,Belgium,35409
Betty Shurman,15,687,Jamie Canyon Centers,Kerrichester,Bangladesh,71484
Donald Roller,16,866,Rangel Radial Light,Melissafort,Tanzania,93690
Dorothy Brown,22,2685,Gregory Place Flat,South Emily,Tonga,69644
Candace Roberts,18,974,Young Ports Wells,Dianebury,Sao Tome and Principe,71299
Oscar Hicks,23,2980,Douglas Terrace Mission,North Michael,Christmas Island,39445
Tabatha Bloodworth,21,300,Fuentes Parkways Shoals,Cruzhaven,Bolivia,10748
Rebecca Hodges,17,884,Nathan River Crest,Port Julie,Northern Mariana Islands,87371
Ingeborg Cheatam,16,200,Tyler Road Mountain,East Aaronberg,Hungary,09214
Elsie Olson,21,490,Tiffany Forks Squares,Sandersfort,Greenland,91531
Todd Cordes,19,915,Sarah Station Ways,Lake Lisa,Bolivia,90846
Jeffrey Nelson,21,62560,Smith Freeway Crossroad,East Brian,Latvia,40075
Robert Brown,22,5868,Beck Ways Stravenue,Greermouth,Ecuador,55403
Carly Cullom,20,67299,Benitez Spurs Glen,Lake Lisahaven,Myanmar,04796
Maxine Barber,15,5954,Christine Path Flats,North Ryanstad,Niger,20784
Joyce Merritt,18,554,Donna Summit Spring,Johnsonchester,Sri Lanka,75290
Dian Saiz,15,820,Benjamin Prairie Green,New Laurenshire,Tokelau,98044
Thurman Blackstone,22,95852,Cynthia Ways Highway,West Shawna,Serbia,25119
John Falk,20,5925,Arnold Branch Center,Leviport,United States Minor Outlying Islands,39451
Marianna Dangerfield,21,08045,West Plains Overpass,New Matthewshire,New Caledonia,71729
Michael Rega,15,134,King Brooks Squares,Hallland,French Guiana,22016
Karen Rodriguez,16,20803,Green Parkways Point,Barkerchester,Egypt,58729
Luis Wakeman,18,452,Rhonda Court Keys,Port Ryanbury,Croatia,50400
Charles Martin,15,611,Macias Springs Drives,Wiseside,Kuwait,73930
Beatrice Robert,23,746,Frazier Highway Curve,South Brandonside,Poland,45117
Lena Pickett,22,529,Gonzalez Station Mills,South Megan,Palestinian Territory,97257
Florence Smythe,23,587,Hernandez Rapid Isle,East Lisamouth,Taiwan,54572
Alton Mears,19,0471,Stout Course View,Romanfort,Samoa,59267
James Migl,21,1947,Nichole Harbors Walks,West Williamfurt,Mexico,80493
Steve Lash,23,29783,Lauren Ville Mills,South Jeffreyhaven,Kenya,60684
Ronnie Lewis,17,60335,Adrian Squares Street,Port Alex,Poland,57567
Eric Moreno,19,4538,Mosley Extensions Crossing,Brianchester,Congo,02022
Dorothea Fuller,21,7034,Rogers Throughway Rest,East Maryside,Monaco,40257
Shirley Martin,24,840,Hopkins Dam Motorway,Casechester,Japan,05417
Rebecca Pearson,16,102,Smith Squares Coves,Murrayberg,Papua New Guinea,94765
Hazel Covarrubias,18,26028,Berry Port Turnpike,Natalieland,Bosnia and Herzegovina,71622
Linda Shelton,15,39127,Frank Street Roads,Port Anthony,Palau,06021
Stanley Hart,17,047,Gentry Throughway Prairie,New Brittany,Guadeloupe,51641
Deborah Disimone,19,3043,Cooper Causeway Flat,Amymouth,Vietnam,69607
Kimberley Hurt,18,3546,Megan Centers Alley,Mosesmouth,Afghanistan,57190
Michael Quinn,23,99849,Margaret Locks Ways,Sandraville,Panama,94002
Christopher Finley,22,300,Grant Point Corner,South Dana,Iran,16866
Norman Cody,17,539,Austin Shoal Manors,West Steven,India,17207
John Lichty,22,8545,Wilkerson Common Cove,Port Joel,Iran,08723
Daniel Lee,16,8036,Steven Mission Field,Karitown,Eritrea,84032
Victor Romero,19,8256,Derrick Route Spurs,East Bonnieland,Comoros,32093
Renda Cullison,21,38595,Kimberly Mount Springs,Sharontown,Algeria,16417
Kathleen Bennett,17,6697,Richardson Union Lane,Mercerchester,Malta,91289
Nora Chastain,22,45040,James Pine Wall,Michelleberg,Cocos (Keeling) Islands,89119
Tammy Rawlins,18,514,Nicholas Centers Ferry,Smithside,Ireland,29244
Mildred Rosa,22,0117,Byrd Cliff Prairie,Port Alejandro,Palestinian Territory,95999
Walter Sherwood,20,10341,Jennifer Greens Valley,Lake Renee,Denmark,64979
Graham Linsky,19,7992,Beverly Cape Gateway,Jenningsville,Fiji,12210
Rosalinda Gunnerson,24,92131,Matthew Shoals Streets,Danielview,Belize,53851
Donna Mouton,18,71108,Mario Center Bypass,Deborahfort,Haiti,73578
Teresa Galeano,16,6000,Darren Corner Green,Ericamouth,Cameroon,85110
Mathew Paolucci,17,687,Moyer Roads Trace,South Kathy,Somalia,38138
Mary Mahoney,18,882,Blackwell Crossroad Court,New Karenport,Syrian Arab Republic,88906
Juan Burgess,17,27855,Myers Garden Turnpike,Lake Tanyaside,Morocco,40277
Richard Roberts,17,8907,Joseph Turnpike Isle,Brittanymouth,South Georgia and the South Sandwich Islands,70560
Dominique Johnke,16,586,Martinez Oval Meadow,Port Deborahfurt,Panama,56345
Courtney Reeder,19,805,Sandra Glen Ferry,Cynthiastad,Switzerland,64064
Diana Bellamy,23,50294,Mary Alley Dale,East Christinaport,New Zealand,24069
Amanda Tramonte,16,877,Davis Park Turnpike,Bowmanchester,Cocos (Keeling) Islands,36310
Christopher Nash,15,99932,Davis Crossing Orchard,South Dennis,Togo,91638
Timothy Schmidtke,21,4809,Melissa Plain Heights,South Ashleymouth,Norway,92858
Patricia Dincher,20,863,Clark Village Drives,West Heatherbury,Singapore,78474
Mathew Rodriguez,20,4448,Patrick Burgs Walk,Lake Gerald,Saudi Arabia,79566
Mitchell Sheets,21,25623,Smith Freeway Street,East Brettville,Andorra,49738
Kimberly Green,18,113,Ryan Trail Wall,Lake Carolyn,Nepal,06390
Dorinda Harkey,16,3812,Christy Road Spur,Estradaville,Greenland,89410
Jeremiah Gore,21,64066,Michael Points Valley,New Russellburgh,Korea,82844
Stephanie Perry,21,72038,Kennedy Forge Cape,Madisontown,Gabon,14031
Beverly Sale,24,6207,Scott Glen Mill,Haroldton,Guatemala,33524
Michelle Zierenberg,18,186,Hickman Freeway Turnpike,Lake Roberthaven,Guyana,06891
William Hunter,18,3914,Bryan Greens Manor,Davidport,Malta,47128
Jane Yanes,18,84995,Hanson Fields Walk,Lake Herbert,Eritrea,23260
Audrey Guzman,16,49596,Harris Throughway View,Michaelville,Georgia,35667
Alice Smith,17,494,Hill Villages Vista,North Robertport,Taiwan,80716
Elizabeth Davis,16,410,Mark Plains Manor,Goldenmouth,Kuwait,79131
Keith Popovich,16,57624,Smith Grove Creek,Vaughantown,French Southern Territories,18438
Alice Erickson,21,38397,Kristen Junctions Plaza,Rebekahberg,Costa Rica,21909
Andrew Bello,15,2919,Mills Mountains Canyon,Katherinemouth,Pakistan,64480
John Villalobos,24,5657,Rice Villages Grove,West Dawnborough,Gibraltar,92080
Kenneth Calhoun,22,4846,Sarah Lakes Viaduct,West Joannafort,Bermuda,76652
Mary Lopez,20,94223,Reyes Causeway Camp,Katherinefurt,Saint Helena,30682
Ulysses Perez,23,15560,Valerie View Locks,Aprilfort,Kyrgyz Republic,75304
Dennis Veale,15,35943,James Mission Camp,Lake Jeffreyport,Marshall Islands,44975
Marie Pierce,20,08714,Campos Bypass Ports,Andersonstad,Liberia,67500
Michael Waddington,21,908,Jacqueline Spring Common,Port Sylvia,Cameroon,85838
Jane Otis,19,314,Samuel Knolls Court,Port Kristiview,Syrian Arab Republic,60902
Jaclyn Mcglothian,21,32481,Vicki Village Plains,Lake Sarahmouth,Pakistan,92873
Kristen Hopkins,22,5564,Tran Crossing Drive,East Matthewberg,Jamaica,14706
Tara Gerald,18,479,Young Cliff Prairie,Wyattshire,Poland,55479
Joel Robinson,17,12493,Kelly Groves Rue,New Scott,Panama,82686
Cesar Jeter,23,958,Jones Coves Fall,Port Annetown,Kiribati,50789
Susan Smith,23,352,Mark Ridge Drives,Howellborough,Mozambique,34110
Pamela Teig,23,5298,Pruitt Motorway Crest,Heiditown,San Marino,97494
Oscar Conroy,21,8671,White Drives Crest,Port Christopher,Italy,29625
Betty Gurley,16,0912,Ferrell Lock Hill,East Eddie,Cocos (Keeling) Islands,87433
Cassandra Carrillo,23,36374,Amy Rue Forge,Coleberg,Cameroon,32256
Michael Schroeder,16,6887,Long Pines Overpass,Schmidtburgh,Montserrat,09000
Marilyn Longino,23,86255,Gutierrez Drives Corners,Port Danton,Vietnam,29527
Gabriel Lawrence,17,19259,Clark Lodge Cove,Jerryton,French Southern Territories,82666
John Chouinard,21,2804,Sandra Bypass Greens,Jasonville,Cyprus,49534
Jonathan Johnson,17,0851,Ashley Crescent Skyway,Jacksonbury,Palau,92034
Kimberly Lampert,23,848,Fuller Crest Springs,Brittanyton,Mauritania,17379
Robert Miller,24,7341,Stephanie Pike Lights,Michaelmouth,Solomon Islands,87604
Frances Nelson,24,063,Clark Port Ferry,South Krystalchester,Marshall Islands,44834
Diane Santacruz,23,969,Kelly Extensions Estates,West David,Norfolk Island,52361
Fred Hannah,24,743,Bush Crossroad Ridges,South Victoria,Tonga,15409
Cole Dinatale,17,2570,Fowler Fields Mountain,Lake Robert,Romania,76806
Deborah Piechoski,17,6026,Melinda Landing Spur,Port Kathrynchester,Niue,42214
David Baseler,15,3517,George Tunnel Parks,Christopherland,Solomon Islands,16955
Araceli Myers,21,781,Laura Island Inlet,Port Michaelstad,Vanuatu,36472
Carmen Barnes,20,897,Robinson Lane Greens,Michealton,Thailand,48386
Reginald Collins,18,12154,White Plain Harbors,Kingstad,Israel,08427
Rosalee Binger,17,966,Devin Via Lane,Reesefurt,Serbia,72662
Margaretta Nelson,18,7957,Brown Underpass Village,Lake Daniel,Botswana,81089
Helen Allis,20,741,Williams Turnpike Locks,Walkerville,Cook Islands,64222
Maria Runion,23,3577,Scott Rue Mission,Jonesberg,Angola,73080
Vicenta Blaydes,23,32056,Hicks Rest Meadows,South Austinshire,Gabon,49000
Armand Gibson,20,59892,Perez Keys Course,Simschester,American Samoa,77496
Bruce Cody,16,18450,Sandoval Gateway Springs,Marybury,Germany,41481
Paul Mcshane,15,274,Tonya Streets Trail,Alexanderstad,Portugal,74546
Mina Yoo,20,33705,Christina Greens Wall,Johnland,El Salvador,70050
James Mccord,22,908,Stephanie Summit Points,Conniefurt,Moldova,27982
Sheri Fogg,15,35649,Brittany Estate Pass,New Gabrielle,Samoa,72399
Clifford Cruz,23,279,Karen Burg Prairie,Blackburnton,Switzerland,56874
Rachel Murphy,24,473,Jones Lodge Hollow,Brookeshire,Northern Mariana Islands,88768
Stephanie Smith,15,90737,Dixon Parkway Garden,Davidton,Benin,35825
Tequila Willis,20,57144,Christopher Drive Pine,New Cheryl,Montenegro,62383
Cheryl Odum,19,3599,Anne Canyon Mews,North Kenneth,Macedonia,96674
Steven Adair,16,52545,Samantha Prairie Point,Lake Kristen,Suriname,66595
Roger Fisher,19,654,Debra Underpass Shores,Natalieburgh,Heard Island and McDonald Islands,30194
Janelle Moody,19,761,Hubbard Orchard Field,New Ericmouth,Lao People's Democratic Republic,75290
Micheal Whorton,18,61146,Ward Pines Views,Lake Allison,Korea,89412
Kimberley Reyes,18,4872,Tom Lodge Station,West Ryan,Bahrain,96365
Neal Robinette,18,148,Justin Walks Oval,Dudleytown,Bermuda,51192
Linnie Mackerl,22,8674,Matthew Spur Points,East Robert,Dominican Republic,49893
Donald Anderson,17,94971,Lisa Junctions Station,New Heather,Heard Island and McDonald Islands,40842
Shaun Sawin,23,681,Alexandra Cliff Pike,Andrewside,Bahrain,02809
Anna Ortega,16,51188,Pacheco Camp Oval,Stephanieburgh,Philippines,98127
Pauline Scranton,19,615,Brown Valley Stream,West Cristian,Iran,16362
Donald Freas,18,6341,Stacy Walks Island,Port Linda,Seychelles,57538
Raymond Durr,20,418,Dana Causeway Squares,East Ashleyton,Martinique,26466
Larry Digiovanni,21,88659,Lauren Points Track,West Christinaton,Greece,08887
Mary Garza,24,46629,Danielle Rapid Rapid,Bartonview,Yemen,03108
Rebecca Phillips,22,8592,Bradley Corner Motorway,South Michelle,Ireland,13486
Clare Mannino,21,52347,Jeffrey Overpass Circle,New Melanie,Switzerland,83143
Kermit Hyzer,22,1556,Young Track Forest,East Barbara,Vanuatu,29791
Reuben Delgado,23,157,Padilla Stream Roads,Jamesshire,Saint Helena,88567
Anna Macy,22,291,Ashley Passage Rue,Willieville,Montenegro,75923
Linda Burton,19,58756,Graham Hills Inlet,Matthewfort,Finland,47453
Lonnie Hunley,23,5803,Ann Tunnel Prairie,Michelleburgh,Georgia,74819
Betty Stilwell,21,46955,Nelson Lakes Fords,Amyburgh,Aruba,61626
Adam Gibbs,19,2500,Davis Cliff Junction,Ortizchester,Saint Kitts and Nevis,61297
Lisa Welsh,22,5609,Alvarado Park Land,East Sean,Sudan,36450
Janet Swartz,19,14486,Perkins Forge Branch,Kleinville,Syrian Arab Republic,02333
Mark Loske,19,0035,Jeffery Flat Islands,Austinstad,Kyrgyz Republic,67608
John Valadez,22,247,Brian Viaduct Ranch,North Elizabethport,Algeria,95229
Ethel Burkett,18,266,Brennan Courts Island,East Ashley,Faroe Islands,59698
Dorthy Christensen,16,5236,Tracy Corner Club,Hunterstad,France,51060
Frederick Holland,19,3189,Nicole Parkway Port,New Danielshire,Haiti,82512
William Cody,24,371,Jessica Village Garden,Ashleyshire,Cameroon,37794
Katherine Toney,20,0398,Gregory Path Fall,North Alisonfort,Congo,43866
Linda Freeland,21,02532,Flores Field Lodge,East Jerrymouth,Czech Republic,52794
Larry Barnett,20,1861,Briana Circle Heights,Williamschester,Swaziland,91946
Rosalia Newland,18,72675,Ronald Groves Burg,Douglasburgh,Bahamas,02803
Jane Dexter,19,98798,Robertson Lights Shoal,West Deborah,Pakistan,37085
Aaron Hayes,24,890,Hall Forks Greens,Richardsmouth,Denmark,20940
Shirley Killam,15,181,Huynh Pine Heights,Fredton,Somalia,91080
Raymond Peery,19,120,Fox Plaza Spur,Leahside,Turks and Caicos Islands,90324
Margaret Steinmetz,17,763,David Well Walks,Lake Valerie,Gibraltar,13310
Jerry Horn,24,906,Ian Fork Ramp,Matthewburgh,Liechtenstein,08227
Theresa Knowles,15,49444,Pierce Mills Parks,Williamstown,Netherlands,77058
Stephanie Strickland,21,8802,Moreno Radial Parks,Jasonborough,Saudi Arabia,35138
Charlette Leiva,24,90281,Christopher Crossing Harbors,Bassland,Egypt,60089
Anibal Tomlin,20,916,Kayla Club Locks,West Judyhaven,Christmas Island,55234
Lydia Copeland,17,1166,Glenda Crescent Circle,Andrewton,Japan,01908
John Greaves,23,6494,Lozano Unions Wall,Murrayton,Iraq,16422
Mara Brown,24,2207,David Junctions Manor,West Cody,Syrian Arab Republic,99364
Kevin Obhof,23,806,Patricia Corner Terrace,Petersfort,United Arab Emirates,87827
Jordan Rasmussen,24,7447,Brittney Street Coves,Lake Tiffanystad,Anguilla,31710
Neal Hummer,17,990,Morgan Tunnel Port,East Elizabethburgh,Hong Kong,79898
Eric Dillard,24,1069,Holmes Avenue Square,Tarashire,French Southern Territories,20300
Barbara Boyda,16,5572,Peter Squares Courts,Lake Calvin,Qatar,99577
Samantha Jones,23,946,Evelyn Isle Gardens,Jamesstad,Turkmenistan,36320
Ira Worrell,24,766,Joe Motorway Brooks,West Joshua,Saint Pierre and Miquelon,54398
Ernestine Norment,18,1780,Gregory Inlet Manors,North Alexander,Uganda,44811
James Sanchez,21,54916,Byrd Turnpike Meadows,Reginabury,Martinique,30737
Audrey Wiley,20,6478,Ann Highway Street,South Zoe,Uzbekistan,50017
Mary Tewell,23,882,Scott Point Fall,South Aprilton,Nigeria,63349
William Holloway,23,31911,Jessica Oval Hollow,Kevinshire,Western Sahara,06515
Michael Rodriguez,16,47297,Lowe Key Turnpike,Jeffreyhaven,Saudi Arabia,22962
Eva Goode,20,18132,Jessica Expressway Brooks,Lake Alejandroside,Bahamas,80075
Karen Gorden,23,9641,Davis Walk Spur,Salasstad,China,31850
Sharon Campbell,23,147,Leah Islands Mills,Port Natasha,Guernsey,35467
Linda Richard,16,8040,Scott Streets Cliffs,South Courtney,Kazakhstan,31640
Juan Campoy,16,507,Downs Highway Street,North Alanland,Jordan,92159
Shannon Holbrook,21,44574,Carol Dam Mountain,Lake Michelleshire,Pitcairn Islands,08500
Shena Wells,24,6007,Davis Ville Manors,East Kathyberg,Cocos (Keeling) Islands,60114
John Brown,15,3809,Ray Crossroad Loaf,New Eric,Kyrgyz Republic,89866
Donnie Mendoza,15,225,Mccormick River Prairie,South Veronicaberg,Solomon Islands,62589
Kendra Chavez,20,5771,Bryan Rue Ferry,Kyleberg,Turkey,90491
Eric Scales,15,59496,Monica Isle Lane,Jenkinsmouth,Burkina Faso,51210
Martha Braswell,20,2695,Salazar Flat Overpass,Joshuachester,Finland,19667
Eryn Edmonds,21,819,Brandon Shoal Ridge,South Maureen,Saint Martin,42852
Jenni Schrunk,22,86830,Victor Ford Lock,South Stephanieport,Samoa,04303
Alexander Kemp,16,776,Anna Knolls Skyway,Shanemouth,South Georgia and the South Sandwich Islands,54498
Deborah Moore,21,05529,Tina Mission Orchard,West Maria,Nepal,09965
James Kopf,15,695,Smith Mews Greens,Dixonmouth,Timor-Leste,67532
Chad Badgley,15,95781,Francisco Bridge Lodge,Lake Brianberg,South Georgia and the South Sandwich Islands,98855
Carl Stanton,21,1465,Cruz Square Spurs,South Josephberg,Niue,79899
Carolyn Springer,22,1820,Andersen Club Plaza,Cummingsshire,Iceland,45523
Elizabeth Taylor,21,4657,Patrick Expressway Burgs,Wadefort,Vanuatu,63906
Jolene Huddleston,22,14418,Brandon Ramp Ramp,Port Micheleburgh,Cyprus,58829
Heather Berry,24,42062,Boyle Port Burgs,New Melissa,Myanmar,89134
Lucas Kuziel,24,01520,Rachel Prairie Inlet,South Olivia,Netherlands Antilles,07100
Peggy Dates,22,176,Christopher Estates Hollow,Pattersonside,Grenada,40359
Shanae Johnson,21,7583,Ryan Extension River,North Stacey,Korea,62810
Hannah Hakes,20,08483,Mckinney Hill Turnpike,Leslieborough,Portugal,71728
Anna Tuttle,19,80997,Peterson Hollow Drive,North Gabrielle,Burundi,13425
Rose Smith,21,17884,Bob Plains Field,Lake Angela,British Indian Ocean Territory (Chagos Archipelago),30009
Elizabeth Hughes,20,25518,Bowman Shoals Lake,Ellenberg,Angola,17232
William Helwig,24,193,Haley Gardens Crest,South Mary,Netherlands Antilles,75919
Scott Mercer,17,6156,Jackson View Junction,Lake Dawnborough,Samoa,12734
Daisy Lorenz,17,70832,Colleen Falls Mall,South Victoriaside,Guinea,28346
Alma Childers,15,4118,Joshua Roads Prairie,Mendozamouth,Malawi,07082
Roy Wu,20,2083,Taylor Lights Mission,Copelandfurt,El Salvador,40151
Jeffery Sanchez,19,3310,Emily Gateway Summit,Port Jackchester,Hong Kong,70082
Dortha Joseph,16,63552,Williams Locks Shoal,North Patricia,Argentina,75679
Lance Franklin,18,2594,Baker Ridges Fork,Millershire,Singapore,99526
Pedro Womack,18,80379,Chad Glen Port,Deleonfurt,Switzerland,11971
Pedro Tinney,19,0845,Dawn Path Overpass,Lake Eric,Bosnia and Herzegovina,40561
Christopher Alexander,20,30534,Brandi Square Lane,Whitechester,Croatia,82347
Scott Dage,20,5263,Stevens Squares Summit,Port Scott,Albania,58603
Gladys Lites,17,8520,Martin Cape Rapids,East Mirandafort,Micronesia,78255
Barbara Gardner,22,55616,Ramirez Ramp Freeway,Evanchester,Falkland Islands (Malvinas),40540
Catherine Marshall,20,3952,Ortega Ports Port,Johnsonberg,Mongolia,17298
David Sparks,20,7673,Young Road View,East Amanda,Lao People's Democratic Republic,17801
Todd Caswell,20,922,Castillo Ports Mountains,Stephanieside,Tunisia,48215
Howard Fields,22,22450,Alejandro Hills Brooks,Meghantown,Guyana,66931
Charles Laskowski,16,120,Dawn Ridge Mountains,Emilyfort,Guadeloupe,91385
Michael Fletcher,21,022,Susan Union Forks,Lake Rachelview,Mauritius,50012
Cameron Irvin,19,030,Susan Avenue Corners,Claychester,Gibraltar,11429
Elena Downing,24,20305,Smith Terrace Viaduct,South Williamland,Ghana,32982
Amanda Cain,18,32425,Joshua Forges Cape,West Danielside,Maldives,64181
Mercedes Spaniel,17,465,Barker Row Trace,Lake Ashley,Congo,74027
Kenneth Lawrence,15,2804,Becker Parkway Rapid,Nelsontown,Saint Helena,90461
Jennifer Roth,23,297,David Key Stravenue,Christopherville,South Georgia and the South Sandwich Islands,24965
Mack Brown,20,343,Carrie Views Station,Allenhaven,Ethiopia,73355
John Schneider,21,766,Nicholas Stravenue Hollow,Christopherside,Bulgaria,63857
Travis Lawton,19,44724,Nunez View Mission,Harrishaven,Costa Rica,57576
Nicole Ross,15,7425,Hall Burgs Drive,Harperborough,Gibraltar,68384
Charles Stanley,19,9068,Mckee Hills Dale,Burgessstad,Poland,38008
Janice Hedman,15,276,Reginald Stream Keys,Lake Tamara,United States Minor Outlying Islands,34593
Tabatha Groce,16,167,Wright Walks Junction,New Traceymouth,Kiribati,86494
Antionette Malone,20,260,Roth Extensions Coves,New Brittanytown,Lesotho,70296
Tessie Roman,24,8165,Michele Trace Crossroad,Hofurt,Tajikistan,94516
Charles Snider,18,159,Rebecca Key Fields,Port Mary,Niue,35954
Deborah Pogue,24,97784,Lopez Greens Prairie,Tylerton,Isle of Man,13610
Lisa Spencer,21,48577,Massey Squares Mission,Rayburgh,United Kingdom,24259
Nicholas Prendergast,16,077,Hector Brooks Rue,South Markshire,Macao,58254
June Bishop,19,68603,Kristina Cliffs Glen,Port Laurenview,Uganda,32993
Connie White,23,9328,Michael Plaza Station,Roseland,Myanmar,37113
Ethel Haley,23,330,Suzanne Expressway Key,Lake Amber,El Salvador,44411
Amanda Child,19,4024,Weeks Route Viaduct,Crawfordtown,Ghana,82828
Lily Bump,24,20639,William Glen Port,Cynthiatown,Guam,01548
Katharine Riesner,22,9788,Kelly Radial Gateway,East Jacob,Turkey,79461
Josephine Baklund,22,0870,Dawson Via Locks,Port Katie,Grenada,37823
Isidro Davis,24,46128,Paul Mission Underpass,Tammyfort,Ireland,11510
Juan Feria,18,3224,Davis Ridge Place,South Richard,Lesotho,88946
Carolyn Worley,16,18936,Huffman Meadow Plains,Bakerfurt,Lesotho,41652
Cathleen Blackwell,15,554,Hodges Station Prairie,Lake Davidside,Liberia,88936
Michael Adkins,18,99628,Richards Tunnel Wells,Timothyhaven,Saint Barthelemy,97665
William Howell,18,561,Paul Lock Roads,Joelberg,Azerbaijan,57832
Casey Gentry,22,446,Manuel Estates Coves,Jamesburgh,Montenegro,58295
Jennifer Rosenberg,19,93227,John Isle Flats,North Kristenmouth,New Caledonia,08587
Joseph Hanley,19,88795,Timothy Summit Brooks,Port Gary,Brazil,72424
Darlene Duncan,23,2862,Ryan Rest Meadow,Richardview,Bhutan,26532
Paul Fulton,18,181,Durham Courts Run,North Tylerburgh,Palau,12937
James Hannon,17,137,Jackson Station Courts,New Nicoleshire,Saint Helena,23089
David Mcmillan,22,523,Jacob Plaza Falls,South Terranceshire,Uganda,15650
Stephen Palmer,21,728,Kim Ranch Plains,South Stevenside,Hungary,77270
Becky Burlew,17,56121,Daisy Overpass Ramp,Gregorybury,Angola,52649
Robert Pough,20,863,Alexander Underpass Circle,New Christina,Saint Lucia,27829
Gerald Dykes,20,841,Salazar Park Streets,Cherylhaven,Togo,96396
Carol Tant,20,11324,Mendoza Garden Springs,Jenniferland,Libyan Arab Jamahiriya,56079
William Bebee,19,34581,George Junction Landing,Mccartyborough,Guinea,52480
Holly Williams,22,398,Padilla Junction Squares,North Erin,Saint Martin,51998
Jesse Mcilvaine,17,3153,Thomas Trail Track,Murrayborough,France,93905
Stacey Sims,17,63583,Duncan Estate Keys,North Lauraberg,Burundi,20427
Gina Martin,22,74974,Flores Spurs Crest,East Joseph,Norfolk Island,02483
Patricia Salters,15,1791,Walsh Pine Path,Warrenburgh,Brunei Darussalam,93023
Kellie Moses,17,9947,Nathan Motorway Corners,South Wendyview,American Samoa,54544
Stanley Noori,15,1635,Jessica Island Orchard,Montestown,Liberia,86630
Harold Stone,24,0046,Smith Trail Villages,Wilsonport,Georgia,41361
Rebecca Perry,15,4974,Rodriguez Roads Inlet,Valdezberg,Switzerland,60036
Virginia Schillinger,19,0630,Aaron Course Cape,Simpsonland,Mexico,28229
Peter Grider,18,98093,Brown Brooks Drives,Rosarioborough,Congo,34876
James Turk,24,43599,Anthony Turnpike Parks,South Codychester,Bangladesh,54639
Robert Rinker,23,69121,Allison Harbors Junction,North Sharon,Germany,84107
Melissa Romney,18,34361,Snyder Island Mountain,Lake Samantha,Jamaica,73712
James Odebralski,21,347,David Greens Circle,Ramoschester,Pakistan,61398
Ted Preston,19,7992,Glenn Branch Greens,Robersonside,Tajikistan,19714
Jeffrey Cruz,17,6237,Hunt Mountains Pass,Suttontown,Zambia,34151
Mary Wade,23,7839,Lambert Summit Ports,Ericachester,Netherlands,16587
Michael Lee,15,706,Cheryl Glen Mill,Josephborough,South Georgia and the South Sandwich Islands,65266
Pamela Orr,15,6408,Nielsen Course Passage,Smithtown,Dominican Republic,39921
John Albertson,24,248,Tiffany Pines Gateway,Andersonmouth,Paraguay,09912
Jennifer Smith,17,9960,Tammy Springs Manor,Lake Andrewberg,Saint Vincent and the Grenadines,71590
Carl Montes,17,74302,Ford Views Forges,New Jamesborough,Saint Vincent and the Grenadines,37485
Betty Rosario,16,1076,Payne Spur Views,East Brian,Norway,36856
Jennifer Phillips,19,3421,Parsons Expressway Corners,Clarkberg,Venezuela,57897
Ruth Covino,22,72158,Mario Unions Coves,Kennethhaven,Malaysia,71679
Geoffrey Moore,16,46541,Todd Ranch Mills,East Joshuamouth,Egypt,15382
Cindy Williams,18,74344,Natasha Creek Fort,Suttonfort,Reunion,98821
Mary Sanpedro,15,09672,Robert Tunnel Square,Hunthaven,Korea,27543
Jennifer Taylor,17,7887,Sean Common Station,Port Jacquelinefurt,Aruba,12712
Joe Nagy,18,25923,Reese Mews Trafficway,Clarkton,Dominican Republic,73012
Debrah Payne,22,91692,Daniel Orchard Estate,Lake Sarahview,Gibraltar,25438
Brett Atkin,16,870,Jenny Ford Court,South Monica,Central African Republic,76846
Maryann Jaworowski,17,4530,Mccullough Extensions Falls,Kaylaport,Svalbard & Jan Mayen Islands,23052
Sandy Rollyson,24,51490,Amy Spurs Unions,Lake James,Barbados,54197
Ronald Perez,22,4441,Victor Village Knoll,Biancastad,British Indian Ocean Territory (Chagos Archipelago),48521
Ophelia Snoke,23,5270,Morgan Bypass Trafficway,Lake Janetport,Cote d'Ivoire,18255
Alfred Harmon,24,3388,Erica Burg Mountains,Dianaside,India,35270
Edward Frazier,23,5444,Bowman Camp Parkway,South Christopherton,Argentina,25417
Bessie Long,19,93819,Graham Club Corners,East Emilybury,Brunei Darussalam,21436
Sara Tedesco,16,33863,Ross Mountains Loaf,Aprilside,Burundi,40156
Barbara Scott,17,498,Sheri Prairie Station,East Cliffordfort,Hungary,38361
Barbara Pope,15,7593,Smith Parkway Cliff,Annaside,Argentina,84513
Sanford Previte,22,2641,Chris Crescent Extension,Lake Jessicafort,Sierra Leone,91874
Melissa Beasley,18,175,Horton Way Orchard,Marshallside,Iran,76744
James Bordner,20,8589,Whitaker Crossing Mount,Stephentown,Madagascar,33242
Duncan Lewis,21,3282,Zachary Burgs Mount,South Jessica,Iraq,09183
Joseph Ward,16,59531,Turner Street Shoals,Kristintown,Macedonia,21445
Leroy Harris,16,628,Peter Common Terrace,Coreybury,Chile,94295
Karen Robbins,17,2572,Robertson Corner Summit,Simston,South Georgia and the South Sandwich Islands,82722
Belva Boone,20,22856,Dixon Trafficway Mill,Toddmouth,Macao,41743
Dylan Parks,21,775,Heather Gateway Pass,Michaelview,Sudan,99256
Tyler Egan,18,3788,Michael Path Mount,Wallaceside,Norway,02369
Pauline Cayea,17,1045,David Forest Burgs,Taylorshire,Ghana,91134
Linda Taylor,18,98384,Lynch Field Trail,Riverschester,Uzbekistan,78639
Evelyn Braund,15,13281,Manuel Via Branch,Annaville,Maldives,41123
Homer Brown,17,6830,Clayton Keys Hill,East Christinaport,Armenia,94332
Vaughn Carmody,24,9107,Warner Villages River,Millerview,Niger,24879
Jannie Speed,21,060,Lisa Crest Plaza,East April,Reunion,99703
Taylor Barefield,20,5702,Philip Squares Cape,Port Katrina,Botswana,52629
Eric Hayslip,17,76067,Hicks Harbor Plaza,Port Fredericktown,Korea,34760
Jonathan Lux,22,91430,Christopher Isle Heights,Lake Maryton,Western Sahara,98550
Tom Mcfarlane,24,458,Bryant Run Rue,Anthonyhaven,Spain,13006
John Holmes,15,053,Allen Glens Haven,South Alexanderborough,United Arab Emirates,81458
Jeremiah Worthington,22,195,Rebecca Green Junction,New Erichaven,Tonga,66726
Ethelyn Brown,22,82069,Frederick Stravenue Valley,New Bradleyview,United Kingdom,80977
Julia Goodin,20,66478,Ruiz Cove Square,Mariahtown,French Southern Territories,73492
Elizabeth Totty,22,7959,Bass Forks Manors,Teresamouth,Mauritius,83250
Gretchen Chavez,19,27510,Michele Lakes Shoals,South Troy,Equatorial Guinea,74073
Stella Cordova,22,32831,William Village Underpass,Troymouth,Singapore,21143
Edward Yates,17,423,Lori Dale Vista,Douglashaven,Svalbard & Jan Mayen Islands,29168
Carlos Bryant,23,45672,Campbell Greens Key,East Samuel,El Salvador,99380
Martin Queen,19,03562,Bailey Point Ford,Nealton,Bolivia,22499
Ann Flowers,17,32084,Mckinney Ramp Village,Turnerhaven,Cyprus,56538
Marilyn Dates,19,60730,Nguyen Meadow Port,Angelaville,Zambia,99023
Lisa Massart,18,5705,George Passage Village,East Melissaview,Guam,49246
Rhea Thomas,19,56978,Hughes Inlet Courts,Port Emmaton,Svalbard & Jan Mayen Islands,93204
Deborah Redmond,19,9693,Chen Hills Springs,North Jamesfort,Poland,20201
Cecil Posey,18,035,Cain Estates Forks,Lake Jason,Cook Islands,13215
Billie Chitwood,18,6889,Snyder Inlet Fields,Scottview,Saint Helena,97474
Silvia Little,20,538,Sharon Parkway Pines,Lake Steven,Jordan,77489
Zachary Hebert,21,52008,Juan Center Meadows,Donaldmouth,Solomon Islands,56990
Hazel Beal,23,8914,Lauren Lights Lake,West Anthonyview,Heard Island and McDonald Islands,15685
Heather Whitaker,20,195,Joseph Course Key,Guzmanfurt,Monaco,20219
Ella Grim,20,76193,Rachel Center Plaza,New Kelly,Sri Lanka,88438
Thomas Eastman,20,818,Andrea Brook Bypass,West Shawnton,Brunei Darussalam,72667
Carolyn Cain,20,127,Terry Island Locks,Fieldsmouth,Cote d'Ivoire,76864
Heidi Cool,19,52403,Matthew Well Plaza,Parkerton,Chad,02525
Edward Caputo,16,42786,Rogers Hollow Junction,Johnsonport,Finland,06336
Anthony Taylor,22,4504,Jessica River Ranch,South Debra,Sao Tome and Principe,25635
Ellen Corvino,20,0026,Bush Forge Lakes,East Daniel,Guernsey,46046
Thomas Dougherty,19,595,Bridget Plaza Drive,East Angelicaberg,Grenada,96578
Denise Lowe,19,550,Michael Fall Flat,Port Sean,Peru,75448
Mary Pollard,15,7253,Lisa Square Wells,Michaelside,Greenland,14413
Ricky Evans,23,71313,Stephen Canyon Flat,Port Alexismouth,Saudi Arabia,66608
Brittany Grissom,15,389,Dougherty Ridges Burgs,Port Angelatown,Chad,64031
Alfonzo Blum,16,992,Larson Spurs Plain,Lesliechester,British Virgin Islands,65247
Doris Whitman,24,881,Brittney Skyway Walks,Sweeneyshire,Dominican Republic,22862
Fred Kernan,17,45442,Bryant Loop Place,West Jesus,Papua New Guinea,40258
John Roman,15,493,Ward Underpass Tunnel,West Adrienne,Libyan Arab Jamahiriya,77164
Debra Quick,19,39606,Stephanie Causeway Fall,Zunigabury,Marshall Islands,20048
Scott Smith,17,551,Carrillo Cove Unions,New Nicoleside,Moldova,26245
Germaine Alfonso,24,7211,Leonard Vista Pike,North Josephton,Trinidad and Tobago,45522
Mary Edwards,23,166,Benjamin Divide Orchard,Lake Charlesfort,Armenia,61259
Anthony Seibert,17,024,Cervantes Course Tunnel,Lake Laura,Czech Republic,61033
William Rose,19,43320,Sean Squares Causeway,Morganmouth,Kyrgyz Republic,98512
Vincent Doughtry,23,3328,Wright Wells Locks,Tamarabury,Dominican Republic,15012
Susana Holland,15,5743,Evans Forge Throughway,Garciaburgh,Hong Kong,41757
Angelina Essary,15,9716,Michael Neck Ramp,East Darren,Mauritius,79380
Hayley Hill,20,818,Miller Lights Locks,East Christopherport,French Guiana,89392
Deborah Bumgardner,21,735,Bryant Shores Summit,Alexanderborough,Libyan Arab Jamahiriya,51937
Sandra Cavanaugh,21,7233,Katherine Plain Point,Bonillaville,United States of America,76227
Richard Sexton,24,0835,Gary Drive Cliff,Garrettburgh,Tanzania,18654
Carol Navejas,20,47873,Tina Well Haven,New Brent,Lebanon,05176
Janice Thompson,23,38813,Reese Cape Fields,East Dennisfurt,Tuvalu,45636
Harold Lamb,21,59514,Benjamin Dam Crossroad,Lake Paul,Palestinian Territory,66867
Crystal Mathias,17,1286,Deanna Vista Harbors,West Johnchester,Venezuela,95502
Richard Mateo,17,798,Sarah Flat Common,Woodsview,Kenya,43627
William Biffle,19,806,Erica Walk Street,Kennedyton,Ghana,37580
Bruce Guzman,24,8276,Michelle Burgs Shores,Jillport,Guam,64596
